[{"pk": 1, "model": "marauder.character", "fields": {"school_headmastered": null, "shop": null, "house": 3, "image": "images/empty.jpg", "school_attended": 1, "hidden": false, "creature": 1, "school_taught": null, "sex": "M", "quote_by": "Sir Nicholas de Mimsy-Porpington", "magical": true, "description": "Sir Nicholas de Mimsy-Porpington, known after his death in 1492 as Nearly Headless Nick, was a wizard who attended Hogwarts School of Witchcraft and Wizardry and was Sorted into Gryffindor House. He was a wizard of the royal court as an adult. He was executed by an improper decapitation, after he had a magical mishap with Lady Grieve, in which he tried to straighten her teeth but it backfired and she grew tusks. Since then, he is the resident ghost of Gryffindor Tower at the Hogwarts Castle.\r\n\r\nSir Nicholas met Lady Grieve while strolling in the park on the evening of 30 October, 1492. She was certain he could straighten her crooked teeth, but his attempt to do so backfired, causing her to grow a tusk. Sir Nicholas was immediately taken into custody and sentenced to death as a result of this mistake. Before being locked in a dungeon, his wand was taken from him, thus preventing him from using magic to escape. Throughout the night he cried that he would soon undo the damage done to Lady Grieve. A priest came to Sir Nicholas's cell to comfort him and escort him to the execution site at dawn the following day. He became a \"gibbering wreck\" when the executioner told him to kneel before the block. However, the executioner's axe was blunt, as the grindstone used to sharpen it had been misplaced. Thus, it took forty-five hacks to kill Sir Nicholas, and even then his head was only partially severed.\r\n\r\nSir Nicholas chose to linger as a ghost rather than \"go on\", because, by his own admission, he feared death. He became the resident ghost of Gryffindor Tower at Hogwarts School of Witchcraft and Wizardry. Nearly Headless Nick\", as he was called by the majority of the student body, was always happy to point new Gryffindors in the right direction when late to class.", "wand": null, "school_founded": null, "quote": "I was afraid of death. I chose to remain behind. I sometimes wonder whether I oughtn't to have\u2026 well, that is neither here nor there\u2026 in fact, I am neither here nor there\u2026 I know nothing of the secrets of death, Harry, for I chose my feeble imitation of life instead.", "school_staffed": null, "name": "Sir Nicholas de Mimsy-Porpington"}}, {"pk": 2, "model": "marauder.character", "fields": {"school_headmastered": null, "shop": null, "house": 3, "image": "images/ezgif.com-crop.gif", "school_attended": null, "hidden": false, "creature": null, "school_taught": 1, "sex": "M", "quote_by": "The Sorting Hat", "magical": true, "description": "<p>Professor Godric Gryffindor was a wizard of medieval times and one of the four founders of Hogwarts School of Witchcraft and Wizardry. He was good friends with Salazar Slytherin but opposed him when he later thought that they should not accept Muggle-born students at Hogwarts. It is unknown when he died. Gryffindor's birthplace became known as Godric's Hollow, in his honour. Godric Gryffindor's portrait still remains at Hogwarts. Gryffindor hailed from a moor which is now known as Godric's Hollow, a small West Country village in England. He was described as being \"the best duellist of his time.\"</p>\r\n\r\n<p>Gryffindor is said to have praised courage, determination and strength of heart above all other qualities. Indeed, he selected students for his house based upon their daring and bravery, according to the Sorting Hat. He also was the most in favour of allowing Muggle-borns into the school. The founders, however, were unsure of how they would Sort the students when they were dead. To solve this, Gryffindor took off his hat and all four of them enchanted it so that it could Sort the students long after their deaths. It was, from then on, known as the Sorting Hat.</p>", "wand": null, "school_founded": 1, "quote": "By Gryffindor, the bravest were</b>\r\nPrized far beyond the rest.", "school_staffed": null, "name": "Godric Gryffindor"}}, {"pk": 4, "model": "marauder.character", "fields": {"school_headmastered": null, "shop": null, "house": null, "image": "images/ariana-dumbledore.jpg", "school_attended": null, "hidden": false, "creature": null, "school_taught": null, "sex": "F", "quote_by": "Aberforth Dumbledore", "magical": true, "description": "Ariana Dumbledore was the youngest sister to Albus Dumbledore and Aberforth Dumbledore. When she was 6-years-old, muggle boys attacked Ariana because they wanted to see her perform magic. Traumatized, from then on she could not control her magical abilities. Her father seeked revenge on the muggle boys and was sent to Azkaban, while the rest of the family moved to Godric's Hollow and hid Ariana away. They did this so she would not be sent to St. Mungo's, as her instability threatened the Statute of Secrecy\r\nWhen she was 14-years-old, she caused a magical explosion whilst arguing with her mother and killed her. Eventually, she was accidentally killed by getting in the way of a duel between Aberforth, Albus, and Albus' friend Gellert Grindelwald.", "wand": null, "school_founded": null, "quote": "It destroyed her, what they did: She was never right again. She wouldn't use magic, but she couldn't get rid of it, it turned inward and drove her mad, it exploded out of her when she couldn't control it, and at times she was strange and dangerous. But mostly she was sweet and scared and harmless.", "school_staffed": null, "name": "Ariana Dumbledore"}}, {"pk": 6, "model": "marauder.character", "fields": {"school_headmastered": 1, "shop": null, "house": 3, "image": "images/albus-dumbledore_1.gif", "school_attended": 1, "hidden": false, "creature": null, "school_taught": 1, "sex": "M", "quote_by": "Albus Dumbledore", "magical": true, "description": "<p>Albus Dumbledore is considered one of the greatest headmaster of Hogwarts School of Witchcraft and Wizardry and the most powerful wizard of his time. Dumbledore holds the Order of Merlin, First Class, for Grand Sorcery. He was the headmaster while Harry Potter attended school and also a professor while Tom Riddle, who would later become Voldemort, attended school. Dumbledore founded the Order of the Phoenix, a resistance against the reign of the dark wizard Voldemort, and he was the only wizard of which Voldemort was afraid.</p>\r\n\r\n<p>Dumbledore's full name is Albus Percival Wulfric Brian Dumbledore. Rowling chose \"Dumbledore\" because it means \"bumblebee,\" and she liked to imagine Dumbledore humming to himself similar to a bee buzzing around.</p>\r\n\r\n<p>Dumbledore was killed by Severus Snape in 1997 at age 115.</p>", "wand": "15 inches elder wood with thestral hair", "school_founded": null, "quote": "It does not do to dwell on dreams and forget to live. Remember that.", "school_staffed": null, "name": "Albus Dumbledore"}}, {"pk": 7, "model": "marauder.character", "fields": {"school_headmastered": null, "shop": null, "house": 3, "image": "images/harry-potter_1.gif", "school_attended": 1, "hidden": false, "creature": null, "school_taught": null, "sex": "M", "quote_by": "Harry Potter", "magical": true, "description": "<p>Harry Potter is The Boy Who Lived, one of the most famous wizards of his time. In July 1980, Voldemort tried to murder Harry Potter while he was still a baby, afraid of a prophecy that said Potter would be the one to defeat him. His mother Lily Potter sacrificed herself for Harry, which gave Harry an ancient form of protection magic based on love. This protection caused Voldemort's killing curse to backfire onto himself, but left Harry with a lightning-shaped cursed scar on his forehead. This created a connection between Harry and Voldemort, allowing Harry to speak Parseltongue.</p>\r\n\r\n<p>Harry was raised by his aunt Petunia and uncle Vernon Dursley, who resented everything abnormal, including Harry. It wasn't until his 11th birthday that Potter discovered he was a wizard, and began attending Hogwarts School of Witchcraft and Wizardry with the inheritance his parents left behind. Here he met his dearest friends Ron Weasley and Hermione Granger. Harry became one of the youngest seekers for the Gryffindor Quidditch team during his first year. He also became one of the youngest Triwizard Tournament contestants during his fourth year.</p>\r\n\r\n<p>Along with other friends, Ron, Hermione, and Harry went on many adventures thrwarting evil throughout their school career. They stopped Professor Quirrell from bringing back Voldemort with the Philosopher's Stone. They stopped Tom Riddle's revival of the Chamber of Secrets. And finally in their last year at Hogwarts, they defeated Voldemort once and for all.</p>", "wand": "11 inches holly wood with phoenix feather", "school_founded": null, "quote": "Every great wizard in history has started out as nothing more than what we are now, students. If they can do it, why not us?", "school_staffed": null, "name": "Harry Potter"}}, {"pk": 8, "model": "marauder.character", "fields": {"school_headmastered": null, "shop": null, "house": null, "image": "images/argus-filch.gif", "school_attended": null, "hidden": false, "creature": null, "school_taught": null, "sex": "M", "quote_by": "Argus Filch", "magical": false, "description": "<p>Argus Filch was a Squib and the caretaker of Hogwarts School of Witchcraft and Wizardry since around 1973. Filch usually wandered around the school corridors with his cat Mrs Norris, trying to catch students breaking the school rules and complaining about Peeves the Poltergeist. In 1992, after Mrs Norris was petrified by Salazar Slytherin's Basilisk, Filch was furious. However, his cat was healed by the end of the year. In 1995, when Dolores Umbridge became High Inquisitor at Hogwarts, Filch gladly supported her. The next year, he was responsible for recognizing Dark objects that were brought into Hogwarts. He helped the students leave the school during the Battle of Hogwarts in 1998. He kept his job of caretaker after the Second Wizarding War. Filch is the only one of the Hogwarts staff to stay at Hogwarts Castle during the summer holidays.</p>", "wand": null, "school_founded": null, "quote": "A pity they let the old punishments die. Was a time detention would find you hanging by your thumbs in the dungeons. God, I miss the screaming.", "school_staffed": 1, "name": "Argus Filch"}}, {"pk": 9, "model": "marauder.character", "fields": {"school_headmastered": null, "shop": null, "house": null, "image": "images/rita-skeeter.gif", "school_attended": null, "hidden": false, "creature": null, "school_taught": null, "sex": "F", "quote_by": "Rita Skeeter", "magical": true, "description": "<p>Ms Rita Skeeter (b. 1951) was a witch journalist who specialized in writing poison-pen stories which tended to be based on false information and misreported interviews while she worked for the Daily Prophet, as well authoring a few tell-all biographies. Albus Dumbledore described her writing as \"enchantingly nasty\" after she wrote an unfavorable article about him. Notable stories Rita covered include the trials of various Death Eaters after the First Wizarding War, the Triwizard Tournament, and, albeit reluctantly, Harry Potter's account of Lord Voldemort's return to power in 1995 for The Quibbler. She also wrote biographies of Armando Dippet, Albus Dumbledore, Severus Snape, and Harry Potter. Rita's writing tended to be sensationalist, and sometimes outright dishonest. Her ability to acquire information was assisted by her status as an unregistered beetle Animagus.</p>", "wand": null, "school_founded": null, "quote": "Hello, I'm Rita Skeeter! I write for the Daily Prophet. But, of course, you know that, don't you? It's you we don't know. You're the juicy news. What quirks lurk beneath those rosy cheeks? What mysteries do the muscles mask? Does courage lie beneath those curls? In short, what makes a champion tick? Me, myself and I want to know. Not to mention my ravid readers.", "school_staffed": null, "name": "Rita Skeeter"}}, {"pk": 10, "model": "marauder.character", "fields": {"school_headmastered": null, "shop": null, "house": 3, "image": "images/rubeus-hagrid.gif", "school_attended": 1, "hidden": false, "creature": null, "school_taught": null, "sex": "M", "quote_by": "Albus Dumbledore", "magical": true, "description": "<p>Professor Rubeus Hagrid (b. 6 December, 1928) was a half-giant wizard, son of Mr. Hagrid and the giantess Fridwulfa, and elder half-brother of the giant Grawp. He attended Hogwarts School of Witchcraft and Wizardry in 1940 and was sorted into Gryffindor house. In Hagrid's third year, he was framed by Tom Riddle for the crime of opening the Chamber of Secrets and using his pet Acromantula to attack several Muggle-born students and eventually kill one of them. Though Hagrid's wand was snapped and he was expelled, he was trained as gamekeeper of Hogwarts and allowed to live on the school grounds at the request of Albus Dumbledore. In 1991, Hagrid was given the task of reintroducing Harry Potter to the wizarding world. In 1993, Hagrid would assume the post of Care of Magical Creatures professor after the retirement of Professor Silvanus Kettleburn.</p>\r\n\r\n<p>As a member of both the original and the re-instated Order of the Phoenix, Hagrid fought in several battles of the First and the Second Wizarding Wars, including the Battle of Hogwarts in 1998. By 2017, he was still living, and presumably still teaching and tending to his gamekeeping duties at Hogwarts.</p>", "wand": "16 inches oak (Broken in third year - repaired and kept in a pink umbrella)", "school_founded": null, "quote": "I would trust Hagrid with my life.", "school_staffed": 1, "name": "Rubeus Hagrid"}}, {"pk": 11, "model": "marauder.character", "fields": {"school_headmastered": null, "shop": null, "house": 3, "image": "images/bloody-baron.gif", "school_attended": 1, "hidden": false, "creature": 1, "school_taught": null, "sex": "M", "quote_by": "Helena Ravenclaw", "magical": true, "description": "<p>The Bloody Baron (late 10th century \u2013 early 11th century) was a wizard who attended Hogwarts School of Witchcraft and Wizardry in the Founders' time and was Sorted into Slytherin house. After Hogwarts, he fell in love with Helena Ravenclaw, but she did not love him. He was sent by Rowena Ravenclaw to find Helena in Albania, but Helena refused to return with him and so he killed her in a rage. When he realised what he had done, the Baron stabbed himself with the same knife and died. Since then, he is one of the ghosts that haunts Hogwarts School of Witchcraft and Wizardry, and the ghost of Slytherin house. Covered in Helena Ravenclaw's blood to this day, he earned himself the moniker of \"Bloody Baron\".</p>", "wand": null, "school_founded": null, "quote": "When he saw what he had done, he was overcome with remorse. He took the weapon that had claimed my life, and used it to kill himself. All these centuries later, he wears his chains as an act of penitence\u2026 as he should.", "school_staffed": null, "name": "The Bloody Baron"}}, {"pk": 12, "model": "marauder.character", "fields": {"school_headmastered": null, "shop": null, "house": 4, "image": "images/empty.jpg", "school_attended": null, "hidden": false, "creature": null, "school_taught": 1, "sex": "M", "quote_by": "Ron Weasley", "magical": true, "description": "<p>Professor Salazar Slytherin was a pure-blood wizard of medieval times. He was a Parselmouth (a wizard with the rare ability to speak with snakes) and skilled at Legilimency. He was one of the four founders of Hogwarts School of Witchcraft and Wizardry and the former best friend of Godric Gryffindor, a fellow founder.</p>\r\n\r\n<p>Like Rowena Ravenclaw and Godric Gryffindor, Salazar Slytherin appears to have carefully selected members of his own House. According to Albus Dumbledore, the qualities which Slytherin prized in his \"handpicked students\" included resourcefulness, cleverness, determination, and a certain disregard for the rules, along with the ability to speak Parseltongue. He also selected his students according to cunning, ambition, and blood purity. His House within Hogwarts is symbolised by a serpent, with House colours of green and silver.</p>\r\n\r\n<p>After founding Hogwarts and co-existing for years, a rift eventually began to grow between Slytherin and the other founders. Slytherin despised taking students from Muggle families, seeing them as untrustworthy, and tried to persuade the other founders to only take students from pure-blood families. However, the other founders didn't agree with Slytherin, particularly Gryffindor. Eventually, Slytherin and Gryffindor had a huge argument over the subject, according to the Sorting Hat it is possible that they dueled, or that a civil war of sorts broke out between the houses. Slytherin chose to leave the school eventually, but he had left the Chamber of Secrets and his Basilisk behind.[2] It is unknown when he died.</p>", "wand": null, "school_founded": 1, "quote": "I always knew Salazar Slytherin was a twisted old loony, but I never knew he started all this pure-blood stuff.", "school_staffed": null, "name": "Salazar Slytherin"}}, {"pk": 13, "model": "marauder.character", "fields": {"school_headmastered": null, "shop": null, "house": 4, "image": "images/draco-malfoy.gif", "school_attended": 1, "hidden": false, "creature": null, "school_taught": null, "sex": "M", "quote_by": "Draco Malfoy", "magical": true, "description": "<p>Draco Lucius Malfoy was a pure-blood wizard and the only son of Lucius and Narcissa Malfoy. The son of a Death Eater, Draco was raised to believe strongly in the importance of blood purity. He attended Hogwarts School of Witchcraft and Wizardry from 1991 to 1998 and was sorted into Slytherin house. During his years at Hogwarts, he became friends with Vincent Crabbe, Gregory Goyle, Pansy Parkinson, and other fellow Slytherins, while he quickly developed a rivalry with Harry Potter.</p>\r\n\r\n<p>He was made a prefect for his house and was a member of the Inquisitorial Squad during his fifth year, at the end of which his father was imprisoned in Azkaban following the Battle of the Department of Mysteries. Lord Voldemort charged Draco with making up for Lucius's failure, and he became a Death Eater at age sixteen, but was quickly disillusioned with the lifestyle. Draco was unable to complete his task \u2014 murdering Albus Dumbledore, which was taken over by Severus Snape \u2014 and only performed his other duties fearfully and reluctantly. He and his family defected hours before the end of the Second Wizarding War in order to avoid imprisonment in Azkaban following Voldemort's defeat.</p>\r\n\r\n<p>The Malfoys were very proud of their pure-blood and social status; until 1996, they were able to maintain a respectable public image while being allied with Lord Voldemort. Lucius was a Death Eater who avoided imprisonment in Azkaban following the First Wizarding War by claiming that he had been under the Imperius Curse, while Narcissa merely agreed with the ideology of pure-blood supremacy. The Malfoys spoiled their son, giving him the best of everything as far as material possessions go. The only hand-me-down thing Draco ever received was the old family prejudice against Muggles, Muggle-borns, half-breeds, and blood traitors; in short, prejudice against anyone who was not a pure-blood witch or wizard, or anyone who supports these types of people. </p>", "wand": "10 inches hawthorn wood with unicorn hair", "school_founded": null, "quote": "I really don't think they should let the other sort in, do you? They're just not the same, they've never been brought up to know our ways. Some of them have never even heard of Hogwarts until they get the letter, I imagine. I think they should keep it in the old wizarding families.", "school_staffed": null, "name": "Draco Malfoy"}}, {"pk": 14, "model": "marauder.character", "fields": {"school_headmastered": 1, "shop": null, "house": 4, "image": "images/severus-snape.gif", "school_attended": 1, "hidden": false, "creature": null, "school_taught": 1, "sex": "M", "quote_by": "Harry Potter", "magical": true, "description": "<p>Professor Severus Snape was a half-blood wizard who was the son of the witch Eileen Snape and Muggle Tobias Snape. During his lifetime, Severus Snape was Potions Master, Defence Against the Dark Arts professor, and Headmaster of Hogwarts School of Witchcraft and Wizardry (which he attended as a student from 1971 until 1978). He was also member of the Order of the Phoenix and played a very important role in both of the Wizarding Wars against Lord Voldemort.</p>\r\n\r\n<p>Despite Severus Snape's wizarding heritage, he was raised in the Muggle dwelling of Spinner's End, which was in close proximity to the home of the Evans family. He met Lily and Petunia Evans when he was nine, and fell deeply in love with Lily, becoming a close friend of hers. In 1971 he began his first term at Hogwarts School of Witchcraft and Wizardry where he was sorted into Slytherin. This put him in the same year as his true love, Lily Evans. Severus became the immediate enemy of James Potter and Sirius Black and was a frequent victim of their bullying. Snape developed a passion for the Dark Arts at a young age, and had followed the pure-blood supremacists in Slytherin House, despite his own marred pedigree and his love for Lily, a Muggle-born. This put his friendship with Lily under great strain. After leaving school he joined the Death Eaters along with a large group of his fellow Slytherins.</p>\r\n\r\n<p>Shortly before Lily Evans was killed by Lord Voldemort, Snape changed sides and became a member of the Order of the Phoenix and double agent during the Second Wizarding War. With tremendous difficulty, Snape was able to prevent Lord Voldemort from learning the truth about his loyalties. Despite the opinions of most others, Albus Dumbledore trusted Snape for reasons that were kept between them both until their deaths. Upon his death, it was revealed that his deep, strong love for Lily Evans caused him to redeem himself, joining Dumbledore's cause at the prospect of her protection from Lord Voldemort.</p>\r\n\r\n<p>The relationship between Dumbledore and Snape would be one of an unusually strong loyalty, so much so that Snape agreed to kill Dumbledore upon Dumbledore's own request. Before Dumbledore's death, Snape promised to protect the students of Hogwarts from the Death Eaters, who would inevitably take control of the Ministry of Magic, as well as the school. Snape later participated in the Battle of Hogwarts, but was killed by Lord Voldemort who mistakenly believed that Snape was the master of the Elder Wand, an immensely strong and powerful wand that Voldemort deeply desired, when in reality, Draco Malfoy was, unknowingly, the master of the Elder Wand because he disarmed Dumbledore.</p>\r\n\r\n<p>After his death, Harry Potter ensured that Severus Snape's portrait remained at Hogwarts, honouring him as a hero, despite their significant personal differences. In addition Harry later named his second son Albus Severus Potter after him.</p>", "wand": "unknown", "school_founded": null, "quote": "...he was probably the bravest man I ever knew.", "school_staffed": null, "name": "Severus Snape"}}, {"pk": 15, "model": "marauder.character", "fields": {"school_headmastered": null, "shop": null, "house": 3, "image": "images/hermione-granger.gif", "school_attended": 1, "hidden": false, "creature": null, "school_taught": null, "sex": "F", "quote_by": "Ron Weasley", "magical": true, "description": "<p>Hermione Granger was the only daughter of Muggle Mr and Mrs Granger, both dentists in London. At age eleven, Hermione learned that she was a witch and had been accepted into Hogwarts School of Witchcraft and Wizardry. She began attending the school on 1 September, 1991 where she was subsequently sorted into Gryffindor House. She possessed a brilliant academic mind and proved to be a gifted student. She was very studious and bookish. Along with Harry Potter and a few others, she was relatively little intimidated by Lord Voldemort's name, calling him by his name, instead of You-Know-Who or He-Who-Must-Not-Be-Named.</p>\r\n\r\n<p>Hermione first met Harry Potter and Ron Weasley aboard the Hogwarts Express. Both boys found Hermione unfriendly and a know-it-all. Later her eagerness to please her professors and her constantly correct answers reinforced their initial impression. However, in spite of the cool relationship between the three, Hermione stepped in to take the blame from Ron and Harry after they had saved her from a troll on Hallowe'en. Harry and Ron were surprised but grateful, and the three quickly became friends. In her second year, Hermione fell victim to a basilisk unleashed upon Hogwarts following the opening of the Chamber of Secrets but was returned from her petrification under the care of Madam Pomfrey with the assistance of Professor Sprout's Mandrake Restorative Draught. The following year, Hermione was granted permission to use, and was sent, a Time-Turner from the Ministry of Magic to facilitate her volition to study far more subjects than was possible without time travel. Later in the year, she and Harry would use the Time-Turner to rescue Sirius Black from the Dementor's Kiss as well as Buckbeak the hippogriff from execution. During her fourth year at Hogwarts, Hermione became an advocate for the better treatment of house-elves, forming the association S.P.E.W. In her fifth year, she was the driving force behind the creation of Dumbledore's Army. Later in her fifth year she fought in the Battle of the Department of Mysteries. In her sixth year she fought in the Battle of the Astronomy Tower and, at the beginning of what would be her seventh year, the Battle of the Seven Potters in 1997. Hermione, as well as Ron \u2014 with whom she had become romantically involved \u2014 decided not to return to Hogwarts for their final year of studies and instead chose to accompany Harry on his quest to find and destroy Lord Voldemort's Horcruxes. She then fought in, and survived, the Battle of Hogwarts.</p>\r\n\r\n<p>Following the Second Wizarding War, Hermione went back to Hogwarts to complete her education at Hogwarts. Later she found employment with the Ministry of Magic, furthering the cause for the better treatment of house-elves, before being promoted to the Department of Magical Law Enforcement. She eventually married Ron Weasley, and together they had two children: a daughter, Rose, and a son, Hugo. Hermione became the godmother of Harry and Ginny Potter's eldest son James.</p>", "wand": "unknown length vine wood with dragon heartstring", "school_founded": null, "quote": "Because that's what Hermione does. When in doubt, go to the library.", "school_staffed": null, "name": "Hermione Granger"}}, {"pk": 16, "model": "marauder.character", "fields": {"school_headmastered": null, "shop": null, "house": 3, "image": "images/ron-weasley.gif", "school_attended": 1, "hidden": false, "creature": null, "school_taught": null, "sex": "M", "quote_by": "Ron Weasley", "magical": true, "description": "<p>Ronald Bilius \"Ron\" Weasley was a pure-blood wizard, the sixth son of Arthur Weasley and Molly Weasley. He was also the younger brother of Bill, Charlie, Percy, Fred and George, and the elder brother of Ginny. Ron and his brothers and sister lived in The Burrow where Harry and Hermione stayed quite often. Ron began attending Hogwarts School of Witchcraft and Wizardry in 1991 and was sorted into Gryffindor house. He soon became best friends with fellow student Harry Potter and later Hermione Granger.</p>\r\n\r\n<p>Together, they faced many challenges during their adolescence, including keeping the Philosopher's Stone from Professor Quirinus Quirrell, saving Ron's sister from the Chamber of Secrets, forming Dumbledore's Army, and fighting in numerous battles of the Second Wizarding War, including the Battle of the Department of Mysteries, the Battle of the Astronomy Tower, Battle of the Seven Potters and the Battle of Hogwarts. Ron also became a Gryffindor prefect and a Keeper on the Gryffindor Quidditch team during his fifth year at Hogwarts. He skipped his last year of school in order to accompany Harry and Hermione on a quest to destroy the Horcruxes of Lord Voldemort and fought in the Battle of Hogwarts in 1998, in which he lost his brother, Fred, a loss which devastated him and his family.</p>\r\n\r\n<p>After the war, Ron, along with Harry Potter and Neville Longbottom, joined the Aurors at the invitation of Minister for Magic Kingsley Shacklebolt, in order to track down Death Eaters who escaped capture. Eventually, he went to work at Weasleys' Wizard Wheezes with his brother George. He and Hermione eventually married and had two children: a daughter named Rose and a son named Hugo Weasley. Ron was also the godfather to James Sirius Potter, his sister Ginny Weasley and Harry Potter's eldest child.</p>", "wand": "12 inches ash wood with unicorn tail hair", "school_founded": null, "quote": "Sunshine, daisies, butter mellow,<br/>\r\nTurn this stupid, fat rat yellow.", "school_staffed": null, "name": "Ron Weasley"}}, {"pk": 17, "model": "marauder.character", "fields": {"school_headmastered": null, "shop": null, "house": null, "image": "images/gellert-grindelwald.gif", "school_attended": null, "hidden": false, "creature": null, "school_taught": null, "sex": "M", "quote_by": "Rita Skeeter", "magical": true, "description": "<p>Gellert Grindelwald was considered one of the most powerful Dark Wizards of all time, second only to Tom Marvolo Riddle, who later became known as Lord Voldemort. He was schooled at Durmstrang Institute until his expulsion. Later he fostered a friendship with Albus Dumbledore while living in Godric's Hollow for a summer with his great-aunt, Bathilda Bagshot. The two made plans to find the Deathly Hallows and wield their new-found power as Masters of Death, leading a Wizarding revolution with the aim of ending the International Statute of Secrecy and creating a benevolent global order led by wise and powerful witches and wizards. Their partnership fell apart after the two were involved in a three-way duel with Aberforth Dumbledore that resulted in Ariana Dumbledore's death.</p>\r\n\r\n<p>Grindelwald left Britain and soon stole the Elder Wand, proceeding alone with the revolution he and Dumbledore had planned. He established a power base in continental Europe at the fortress Nurmengard. Grindelwald was a complex figure, highly idealistic but marred by sociopathic tendencies and his links with the Dark Arts, a revolutionary operating outside the law. He was not a wanton killer or torturer, but he and his followers (in a single-minded and unpopular quest; one's allies must often be unsavory characters) committed numerous crimes, including several known murders. In 1945, at the height of his power, Dumbledore confronted and defeated him in a legendary duel. Grindelwald was subsequently imprisoned in his own fortress for decades, and was slain there by Voldemort in 1998 when he refused to give up information on the Elder Wand.</p>", "wand": "15 inches elder wood with thestral hair", "school_founded": null, "quote": "Educated at Durmstrang, a school famous even then for its unfortunate tolerance of the Dark Arts, Grindelwald showed himself quite as precociously brilliant as Dumbledore. Rather than channel his abilities into the attainment of awards and prizes, however, Gellert Grindelwald devoted himself to other pursuits. At sixteen years old, even Durmstrang felt it could no longer turn a blind eye to the twisted experiments of Gellert Grindelwald and he was expelled.", "school_staffed": null, "name": "Gellert Grindelwald"}}, {"pk": 1, "model": "marauder.creature", "fields": {"plural": "Ghosts", "hidden": false, "rating": 0, "image": "images/bloodybaron.gif", "description": "A ghost is the disembodied spirit of a once-living wizard or witch. Only magical beings can become ghosts. Many ghosts take up residence within Hogwarts Castle. These fleshless spirits were either afraid of death or have some extraordinarily strong connection to the locations they haunt.", "name": "Ghost", "classification": "Spirit"}}, {"pk": 2, "model": "marauder.creature", "fields": {"plural": "Werewolves", "hidden": false, "rating": 5, "image": "images/werewolf.gif", "description": "A werewolf is a human being who, upon the complete rising of the full moon, becomes a fearsome and deadly near-wolf. Werewolves can be easily distinguished from regular wolves by their shorter snout, more human-like eyes, the tufted tail, and their mindless hunting of humans whilst in wolf form.\r\n\r\nAt all other times, they appear as normal humans, although they will age prematurely, and will gain a pallor as the moon approaches and then wanes. This condition is caused by infection with lycanthropy, also known as werewolfry. A werewolf cannot chose whether or not to transform and will no longer remember who they are and would kill even their best friend given the opportunity once transformed. \r\n\r\nDespite this, they are able to recall everything they have experienced throughout their transformation upon reverting to their human form. A mixture of powdered silver and dittany applied to a fresh bite will seal the wound and allow the victim to live on as a werewolf, although tragic tales are told of witches and wizards begging for death rather than becoming werewolves. The Wolfsbane Potion, invented by Damocles, allows the werewolf to keep their human mind during transformation.", "name": "Werewolf", "classification": "Beast"}}, {"pk": 3, "model": "marauder.creature", "fields": {"plural": "Thestrals", "hidden": false, "rating": 4, "image": "images/thestral.gif", "description": "A Thestral is a breed of winged horses with a skeletal body, face with reptilian features, and wide, leathery wings that resemble a bat's.\r\n\r\nThey are very rare, and are considered dangerous by the Ministry of Magic. Thestrals are, undeservedly, known as omens of misfortune and aggression by many wizards because they are visible only to those who have witnessed death at least once (and fully accepted the concept) or due to their somewhat grim, gaunt and ghostly appearance.\r\n\r\nThestrals can be domesticated and mounted, so they are used as an alternative to brooms, Apparition and other methods of transportation. Once trained, they are very diligent and will quickly carry their owners wherever they wish to go. However, travel by Thestral is technically illegal, as it is a breach of the International Statute of Wizarding Secrecy.\r\n\r\nDue to their classification as XXXX, only experienced wizards should try to handle Thestrals. Breeding as well as owning these beasts may be discouraged or even illegal without Ministry consent; in fact, wizards that live in areas not protected against Muggles are forced by law to perform Disillusionment Charms on their Thestrals regularly.", "name": "Thestral", "classification": "Beast"}}, {"pk": 4, "model": "marauder.creature", "fields": {"plural": "Dementors", "hidden": false, "rating": 0, "image": "images/dementor.jpg", "description": "A Dementor is a non-being and Dark creature, considered one of the foulest to inhabit the world. Dementors feed off human happiness, and thus cause depression and despair to anyone near them. They can also consume a person's soul, leaving their victims in a permanent vegetative state, and thus are often referred to as \"soul-sucking fiends\" and are known to leave a person as an 'empty-shell'.", "name": "Dementor", "classification": "NB"}}, {"pk": 5, "model": "marauder.creature", "fields": {"plural": "Phoenixes", "hidden": false, "rating": 4, "image": "images/phoenix.gif", "description": "The phoenix is a large swan-sized scarlet bird with red and gold plumage, along with a golden beak and talons, black eyes, and a tail as long as a peacock's. Its scarlet feathers glow faintly in darkness, while its golden tail feathers are hot to the touch. Phoenixes are known for nesting on mountain peaks. They are gentle herbivores and are not known for fighting. As phoenixes approach their Burning Day they resemble a half-plucked turkey. Also, their eyes become dull, their feathers start to fall out, and it begins to make gagging noises. Then the bird suddenly bursts into flames only to rise from the ashes shortly after. In a number of days, they grow back to full size. Thanks to this ability, phoenixes live to an immense age.", "name": "Phoenix", "classification": "Beast"}}, {"pk": 6, "model": "marauder.creature", "fields": {"plural": "Boggarts", "hidden": false, "rating": 0, "image": "images/boggart.jpg", "description": "A boggart is an amortal shape-shifting non-being that takes on the form of the viewer's worst fear. When facing a boggart, it is best to have someone else along, to try to confuse it, since facing more than one person at once would make it indecisive as to what form it must take, usually a mixed-up amalgam of the victims' fears. Because of their shape-shifting ability, no one knows what a boggart looks like when it is alone, as it instantly changes into your worst fears when you first see it.", "name": "Boggart", "classification": "NB"}}, {"pk": 1, "model": "marauder.ingredient", "fields": {"name": "Rose Thorn", "creature": null}}, {"pk": 2, "model": "marauder.ingredient", "fields": {"name": "Crushed Moonscope Powder", "creature": null}}, {"pk": 3, "model": "marauder.ingredient", "fields": {"name": "Belladonna Flower Petal", "creature": null}}, {"pk": 4, "model": "marauder.ingredient", "fields": {"name": "Dried Peppermint", "creature": null}}, {"pk": 5, "model": "marauder.ingredient", "fields": {"name": "Juiced Squill Bulb", "creature": null}}, {"pk": 6, "model": "marauder.ingredient", "fields": {"name": "Chopped Murtlap Tentacle", "creature": null}}, {"pk": 7, "model": "marauder.ingredient", "fields": {"name": "Tincture of Thyme", "creature": null}}, {"pk": 8, "model": "marauder.ingredient", "fields": {"name": "Horseradish", "creature": null}}, {"pk": 9, "model": "marauder.ingredient", "fields": {"name": "Ground Occamy Eggshell", "creature": null}}, {"pk": 10, "model": "marauder.ingredient", "fields": {"name": "Powdered Common Rue", "creature": null}}, {"pk": 11, "model": "marauder.ingredient", "fields": {"name": "Ashwinder egg", "creature": null}}, {"pk": 1, "model": "marauder.potion", "fields": {"effects": "<p>Amortentia is the  most powerful of the love potions. The scent of the potion differs for everyone. To each person it is a combination of scents representing his or her favorite things in life. The drinker become sickly and pale and immediately possessed by obsession and infatuation.</p>", "ingredients": [1, 2, 3, 4, 11], "difficulty": "A", "image": "images/empty.jpg", "physical_description": "Steam rises from Amortentia in coil-like designs. It has a mother-of-pearl luster.", "recipe": "<p>The ingredients are 7 rose thorns, 1 Ashwinder egg, 1 scope of crushed Moonscope powder, 4 Belladonna flower petals, and a pinch of dried peppermint.</p>", "title": "Amortentia", "notable_uses": "<p>Amortentia to Hermoine smells like newly cut grass, new parchment, and the hair of Ron Weasley. To Harry, Amortentia smells like a broomstick handle, treacle tarts, and Ginny Weasley.</p> <p>There is a large fountain of Amortentia in the Love Room in the Department of Mysteries.</p>"}}, {"pk": 2, "model": "marauder.potion", "fields": {"effects": "<p>The drinker is forced to answer any question with whatever they believe is the truth. There is an antidote to Veritaserum, and its effects can be circumvented with Occlumency. Therefore, this potion cannot be considered a reliable indicator of innocence or guilt in a trial.</p>", "ingredients": [1], "difficulty": "A", "image": "images/empty.jpg", "physical_description": "No color and no odor", "recipe": "It must be brewed for 28 days, or one lunar phase.", "title": "Veritaserum", "notable_uses": "<p>Veritaserum was used When Dumbledore found out that Barty Crouch Jr. was disguised as Alastor Moody, the Defence Against the Dark Arts teacher. Dolores Umbridge unsuccessfully tried to have Harry drink Veritaserum, however she had received a fake version of the potion from Snape, and Harry had secretly dumped out the potion instead of drinking it.</p><p>There is an un-named antidote to Veritaserum. Also, Veritaserum's powers can be circumvented with Occlumency. Therefore, this potion cannot be considered a reliable indicator of innocence or guilt in a trial. The potion is also forbidden to be used against students at Hogwarts, much to Severus Snape's disappointment.</p>"}}, {"pk": 3, "model": "marauder.potion", "fields": {"effects": "<p>Increases the drinker's luck. Overdose can induce giddiness and recklessness. Large quantities can be toxic.Also called \"\"Liquid Luck\"\", Felix Felices was invented by Zygmunt Budge in the 16th centry.The drinker of the potion is given the best scenario possible in their situation, which manifests in an urge or a voice telling them which action to take to ensure the outcome. The potions' effectiveness is limited against powerful enchantments, and wears off over time.</p>", "ingredients": [5, 6, 7, 8, 9, 10, 11], "difficulty": "A", "image": "images/empty.jpg", "physical_description": "<p>Its color is molten gold. When inside a cauldron, drops of the liquid will leap above the surface.</p>", "recipe": "Add to the cauldron an Ashwinder egg and horseradish before heating. Then add a juiced squill bulb and stir. Add chopped Murtlap tentacle to mixture and heat again. Then add a dash of tincture of thyme before stirring slowly. Add ground Occamy eggshell. Stir slowly and heat again. Sprinkle powdered common rue over the mixture before stirring and heating again. Then make a figure-eight motion over the cauldron with the wand and say the incantation, \"\"Felixempra!\"\". Needs to be brewed for six months. ", "title": "Felix Felices", "notable_uses": "<p>Hermoine, Ginny and Ron used Felix Felices to evade the curses of Death Eaters.</p>\r\n<p>Horace Slughorn used this potion at 24 and 57 years old. It gave him one perfect day each time.</p>"}}, {"pk": 1, "model": "marauder.location", "fields": {"name": "Hogwarts School of Witchcraft and Wizardry", "image": "images/locations/hogwarts.gif", "kind": "School", "description": "Hogwarts School of Witchcraft and Wizardry is a boarding school for young witches and wizards. Students can study subjects such as Charms, Potions, Defense Against the Dark Arts, Transfiguration, Herbology, Muggle Studies, Divination, Care of Magical Creatures, and Arithmancy. Hogwarts is a castle near the Black Lake, the Forbidden Forest, a quidditch field, and the magical village of Hogsmeade. Hogwarts has high towers and 142 staircases, which move around as to confuse the students and make them late for class. Some of the rooms move around as well. No one knows the exact location of Hogwarts since it is unplottable, in order to protect the students and faculty as well as guard its secrets. Witches and wizards are also not allowed to apparate or disapparate within the grounds, unless the enchantment is lifted by the headmaster.\r\n\r\nHogwarts was founded around 990 AD by Godric Gryffindor, Helga Hufflepuff, Rowena Ravenclaw, and Salazar Slytherin. Each founded their own respective houses and preferred a set of students similar to their own personalities. Once the others discovered that Slytherin discriminated against non-pure-blood students, they had a falling out and Slytherin left but not before building the Chamber of Secrets.\r\n\r\nThe school's motto is Draco Dormiens Nunquam Titillandus, which is Latin for \"Never tickle a sleeping dragon.\""}}, {"pk": 3, "model": "marauder.location", "fields": {"name": "Gryffindor", "image": "images/locations/gryffindor.jpg", "kind": "house", "description": "<p>Gryffindor is one of the four houses at Hogwarts, founded by Godric Gryffindor. The house prizes bravery, courage, nerve, chivalry, determination, and daring in their students. Its colors are red and gold, and its symbol is the lion. Its house ghost is Sir Nicholas de Mimsy-Porpington, also known as \"Nearly-Headless Nick.\" Gryffindor and Slytherin houses are fierce rivals.</p>\r\n\r\n<p>The Gryffindor common room is located in one of the castle's towers, the entrance to which is guarded by an oil painting known as the Fat Lady. One must say the right password, which changes frequently, in order to enter.</p>"}}, {"pk": 4, "model": "marauder.location", "fields": {"name": "Slytherin", "image": "images/locations/slytherin.jpg", "kind": "house", "description": "Slytherin is one of the four houses at Hogwarts, founded by Salazar Slytherin. The house prizes cunning, resourcefulness, ambition, leadership, self-preservation, determination, cleverness, fraternity, and power in their students. Its colors are green and silver, and its symbol is the serpent. Its house ghost is the Bloody Baron. Slytherin and Gryffindor houses are fierce rivals. Most Slytherin students are pure-blood, due to the founder's mistrust of Muggle-born witches and wizards. Slytherin has a bad reputation as it is known that most dark wizards and witches are produced from Slytherin house. Most notably, Tom Marvolo Riddle, who later became Lord Voldemort, and most of his Death Eater followers were Slytherins.\r\n\r\n\r\nThe Slytherin common room is located in the dungeons underneath the Black Lake. To enter, one must say the correct password in front of a stone wall, which will then reveal a concealed stone door."}}, {"pk": 5, "model": "marauder.location", "fields": {"name": "Borgin and Burkes", "image": "images/empty.jpg", "kind": "TODO", "description": "TODO"}}, {"pk": 1, "model": "marauder.school", "fields": {"country": "Scotland"}}, {"pk": 3, "model": "marauder.school", "fields": {"country": "Scotland"}}, {"pk": 4, "model": "marauder.school", "fields": {"country": "Scotland"}}, {"pk": 3, "model": "marauder.house", "fields": {"mascot": "lion", "quote_by": "The Sorting Hat", "school": 1, "colors": "red and gold", "founder": 2, "ghost": 1, "quote": "You might belong in Gryffindor,<br/>\r\nWhere dwell the brave at heart,<br/>\r\nTheir daring, nerve and chivalry<br/>\r\nSet Gryffindors apart."}}, {"pk": 4, "model": "marauder.house", "fields": {"mascot": "serpent", "quote_by": "The Sorting Hat", "school": 1, "colors": "green and silver", "founder": 12, "ghost": 11, "quote": "Or perhaps in Slytherin,<br/>\r\nYou'll make your real friends,<br/>\r\nThose cunning folk use any means,<br/>\r\nTo achieve their ends."}}, {"pk": 5, "model": "marauder.shop", "fields": {"locations": []}}, {"pk": 1, "model": "marauder.artifact", "fields": {"shop": null, "owners": [6, 14], "image": "images/pensieve.gif", "description": "The Pensieve is an object used to review memories. It has the appearance of a shallow stone basin, into which are carved runes and strange symbols. It is filled with a silvery substance that appears to be a cloud-like liquid/gas, the collected memories of people who have siphoned their recollections into it. Memories can then be viewed from a non-participant, third-person point of view.", "name": "Pensieve", "kind": ""}}, {"pk": 2, "model": "marauder.artifact", "fields": {"shop": null, "owners": [6, 7, 17], "image": "images/elder-wand.gif", "description": "It is said to be the most powerful wand that has ever existed, able to perform feats of magic that would normally be considered impossible, such as mending another wand damaged beyond normal magical repair. It is known that the Elder Wand's core is the tail hair of a Thestral, a potent yet tricky substance to master that can only be handled by a witch or wizard who is capable of accepting death, since only by such can it be seen.", "name": "Elder Wand", "kind": "Deathly Hallows"}}, {"pk": 3, "model": "marauder.artifact", "fields": {"shop": null, "owners": [6, 7], "image": "images/invisibility-cloak.gif", "description": "An invisibility cloak is a magical garment which renders whatever it covers unseeable. They may be made from hair of Demiguise, a magical creature that possesses the power to become invisible. This property is used to make the wearer of the cloak invisible. However, as Xenophilius Lovegood tells Harry, Ron, and Hermione, such a cloak will gradually lose its effectiveness as the hair becomes more and more opaque. The cloak can also be formed from an ordinary traveling cloak, enchanted with an exceptionally strong disillusionment charm or a bedazzling hex. The cloak is also mentioned by being one of the entities in the Deathly Hallows. In the story the third brother asked for a way to hide from Death so Death himself gave the brother the cloak of invisibility.", "name": "Invisibility Cloak", "kind": "Deathly Hallows"}}, {"pk": 4, "model": "marauder.artifact", "fields": {"shop": null, "owners": [6, 16], "image": "images/empty.jpg", "description": "The Deluminator, also known as the Put-Outer, is a device used by Albus Dumbledore (the first known owner and designer of the one Deluminator known to exist) to remove light sources from the Deluminator's immediate surroundings, as well as bestow them. It looks like a standard silver cigarette lighter. Dumbledore left the Deluminator to Ron Weasley, in his will, after his death.", "name": "Deluminator", "kind": ""}}, {"pk": 5, "model": "marauder.artifact", "fields": {"shop": null, "owners": [2, 6, 7], "image": "images/empty.jpg", "description": "The Sword of Gryffindor was a goblin-made sword owned by the famed wizard Godric Gryffindor, one of the four founders of Hogwarts School of Witchcraft and Wizardry.", "name": "Sword Of Gryffindor", "kind": ""}}, {"pk": 6, "model": "marauder.artifact", "fields": {"shop": null, "owners": [7, 12], "image": "images/empty.jpg", "description": "Salazar Slytherin's locket was a piece of jewellery originally owned by Salazar Slytherin that became an heirloom of his family. It was a locket of heavy gold with a serpentine S in glittering green stone inlay on the front. After descending down from Slytherin, it came into the possession of the Gaunt family, and Marvolo Gaunt treasured this heirloom of this pure-blood heritage along with his ring heirloom. After Marvolo and his son Morfin Gaunt were sent to Azkaban, the locket was stolen by Marvolo's daughter Merope Gaunt, who sold it to Caractacus Burke for ten Galleons, a price far below what the priceless artefact was truly worth.\r\n\r\nThe locket was bought from Burke's shop, Borgin and Burkes, by a wealthy witch with an affinity for rare or valuable items named Hepzibah Smith. In the mid-Twentieth century, Smith showed it to a young Tom Riddle, an employee of Borgin and Burkes whose job it was to get people to sell their treasures to the shop, though Hepzibah was firm that she was not selling the locket. Riddle was clearly interested in the locket (which was, after all, his birthright), and two days later, Hepzibah was found dead and her house-elf, Hokey, made a full confession (Riddle presumably performed a False Memory Charm on her, as he did with his uncle Morfin years earlier). Using the murder of a Muggle tramp, Riddle turned the locket into his third Horcrux and hid it in a seaside cave. It was taken from the cave, however, by a defected Death Eater named Regulus Black with the attempt of having his house-elf, Kreacher, destroy it, but the elf was unable to.\r\n\r\nIt was stolen from 12 Grimmauld Place, the home of the House of Black where Kreacher had kept it, by Mundungus Fletcher, who pillaged the house for valuable heirlooms after the last member of the Black family, Sirius, died. During Harry Potter, Ronald Weasley, and Hermione Granger's attempts to find and destroy Voldemort's Horcruxes, they decided to track down the locket first after retrieving the fake one placed by Regulus from the cave. They learned from Mundungus that it was taken from him by a Ministry bureaucrat named Dolores Umbridge, and thus the trio infiltrated the Ministry, found Umbridge, and retrieved the locket. Ron retrieved Godric Gryffindor's Sword from the bottom of a frozen pool (after Harry was almost killed by the Horkrux while attempting to bring the sword up) and was able to destroy the Horcrux with it (the sword was imbued with Basilisk venom, one of the few substances capable of destroying Horcruxes) in the winter of 1997.", "name": "Salazar Slytherin's Locket", "kind": "Horcrux"}}, {"pk": 7, "model": "marauder.artifact", "fields": {"shop": null, "owners": [2], "image": "images/empty.jpg", "description": "The Sorting Hat is a sentient Hogwarts artefact which magically determines to which of the four school Houses each new student is to be assigned. These four Houses are Gryffindor, Hufflepuff, Ravenclaw and Slytherin.\r\n\r\nThe Sorting Hat originally belonged to Godric Gryffindor, one of the founders of Hogwarts. It normally stays in the Headmaster's office until it is needed; Harry Potter talked to the Sorting Hat for the second time when he was sent to Dumbledore's office for the first time in his second year.\r\n\r\nDuring the opening banquet at the beginning of each school year, the first-year students are lined up and their names read aloud alphabetically. Each then takes a seat on a stool and the hat is placed on her or his head. The hat is battered and old; it's patched, frayed, and extremely dirty. In order to speak and sing, a tear along the brim opens like a mouth. It speaks inside of the hat with a small, quiet voice to the wearer and it can use Legilimency to interpret their thoughts and respond to them.[1] After a moment of consideration, the hat announces its choice aloud for all to hear, and the student joins the selected house. The moment of consideration varies in length, from nearly five minutes (known as \"hatstall\") to less than a second. Judging from Harry's own account of his Sorting, and a brief comment made by Hermione, the hat may sometimes speak to the student during the Sorting.", "name": "Sorting Hat", "kind": ""}}, {"pk": 8, "model": "marauder.artifact", "fields": {"shop": null, "owners": [6, 7], "image": "images/empty.jpg", "description": "The Resurrection Stone was one of the three Deathly Hallows, originally in the possession of Cadmus Peverell. In layman's terms, it gave its owner the power to bring back a form of the dead. To be specific, when the Resurrection Stone is flipped over three times in one's hand, it brings back shades of the holder's deceased loved ones as long as the stone is held. These shades are more physically solid than a ghost, but less so than a living body. Aside from this power, when the Resurrection Stone is owned in conjunction with the other two Hallows, it makes the owner the Master of Death.", "name": "Resurrection Stone", "kind": ""}}, {"pk": 9, "model": "marauder.artifact", "fields": {"shop": null, "owners": [15], "image": "images/empty.jpg", "description": "The Time-Turner was a device capable of time travel that resembled an hourglass on a necklace. The number of times one turns the hourglass corresponds to the number of hours one travels back in time.", "name": "Time-Turner", "kind": ""}}, {"pk": 10, "model": "marauder.artifact", "fields": {"shop": null, "owners": [13], "image": "images/empty.jpg", "description": "The Hand of Glory is a dark artifact, a shriveled hand which gives light only to the holder.", "name": "Hand Of Glory", "kind": ""}}]
